model,record,n,r2,mae,rmse,MAPE_percent,normalized_MAE,top5_delay_recall,slack_critical_top5_recall,slack_critical_delay_mae
xgboost_smoothl1,aes__dens_low,612,0.9788996040617198,0.011404193006455898,0.01720683090388775,7.160519599914551,0.011404193006455898,0.967741935483871,0.375,0.00754241383401677
xgboost_smoothl1,aes__fixed_area060_from_config,612,0.9630841764372373,0.011703803203999996,0.01970781199634075,7.939383506774902,0.011703803203999996,0.967741935483871,0.1875,0.008231250394601375
xgboost_smoothl1,aes__fixed_area070_from_config,612,0.9831835825852374,0.009240479208528996,0.0148584870621562,6.494861125946045,0.009240479208528996,1.0,0.34375,0.011318623030092567
xgboost_smoothl1,aes__timing_probe,612,0.9831835825852374,0.009240479208528996,0.0148584870621562,6.494861125946045,0.009240479208528996,1.0,0.34375,0.011318623030092567
xgboost_smoothl1,blabla__area_xxloose,2200,0.9431506310278244,0.017224662005901337,0.02649029530584812,8.917678833007812,0.009569256289697107,0.8727272727272727,0.35454545454545455,0.01626905321609229
xgboost_smoothl1,blabla__dens_high,2200,0.9486926624249262,0.020701060071587563,0.03176626190543175,8.728521347045898,0.01150058847166743,0.9363636363636364,0.4,0.028222110820934176
xgboost_smoothl1,blabla__dens_low,2200,0.9516299657491567,0.020105281844735146,0.032401733100414276,8.029361724853516,0.011169600581012809,0.9090909090909091,0.3,0.032443432486616075
xgboost_smoothl1,blabla__dens_xhigh,2200,0.968414210868136,0.013562741689383984,0.020864015445113182,8.006515502929688,0.007534856194693929,0.9181818181818182,0.41818181818181815,0.006856546504423022
xgboost_smoothl1,ethmac__area_xxloose,736,0.7928317432321631,0.009758614003658295,0.01216138619929552,8.624481201171875,0.03252871205295276,0.8648648648648649,0.47368421052631576,0.004915202036499977
xgboost_smoothl1,ethmac__dens_high,736,0.8640396644315439,0.009405734948813915,0.011349258944392204,9.602307319641113,0.03135244858354534,0.7837837837837838,0.47368421052631576,0.004702741513028741
xgboost_smoothl1,ethmac__dens_low,736,0.9454113634605513,0.005675343796610832,0.007552080787718296,5.995466709136963,0.018917811903643136,0.918918918918919,0.39473684210526316,0.006619026535190642
xgboost_smoothl1,ethmac__dens_xhigh,736,0.9585216028620789,0.005314371082931757,0.006231775972992182,5.547301769256592,0.01771456957252544,0.8648648648648649,0.42105263157894735,0.004265441210009158
xgboost_smoothl1,gcd__dens_low,70,0.38189216318406816,0.005774480290710926,0.00655364478006959,13.486530303955078,0.01862735563322532,0.0,0.25,0.0021666591055691242
xgboost_smoothl1,gcd__gcd_compact_repair_off,70,0.3823874797729043,0.00562667241320014,0.006477631162852049,13.306154251098633,0.018150556032018844,0.0,0.25,0.0017262701876461506
xgboost_smoothl1,gcd__gcd_dense_cts20,70,0.372291602998598,0.005655127577483654,0.006451318971812725,13.29974365234375,0.018242346883840355,0.0,0.25,0.002145350445061922
xgboost_smoothl1,gcd__gcd_loose_cts80,70,0.4097386299854744,0.005583349149674177,0.0063191852532327175,13.10750961303711,0.018010803570106693,0.25,0.25,0.0023032762110233307
xgboost_smoothl1,ibex__dens_high,6946,0.9289035077933459,0.016748379915952682,0.022759677842259407,8.664162635803223,0.013292365113268693,0.9454022988505747,0.39080459770114945,0.020780028658919036
xgboost_smoothl1,ibex__dens_low,6946,0.9389574181460796,0.016464542597532272,0.022165918722748756,9.81868839263916,0.013067097398531607,0.9655172413793104,0.3620689655172414,0.02344588190317154
xgboost_smoothl1,ibex__fixed_area065_from_config,6944,0.8837717898521621,0.022238634526729584,0.03005531057715416,12.69027328491211,0.017649710075436774,0.8333333333333334,0.2614942528735632,0.02243333775550127
xgboost_smoothl1,ibex__fixed_area072_from_config,6944,0.8661113671295639,0.022549597546458244,0.03136071935296059,11.376055717468262,0.017896506124708434,0.9224137931034483,0.31896551724137934,0.014998829923570156
xgboost_smoothl1,jpeg__dens_high,8894,0.8518018677368316,0.021749349310994148,0.027915149927139282,9.975812911987305,0.024165942718614098,0.44269662921348313,0.1367713004484305,0.03083390835672617
xgboost_smoothl1,jpeg__dens_low,8894,0.8134803323949235,0.02578466199338436,0.03354170173406601,10.700101852416992,0.028649623298659988,0.5797752808988764,0.28699551569506726,0.026224889792501926
xgboost_smoothl1,jpeg__dens_xhigh,8894,0.8431314041169409,0.023025045171380043,0.029213467612862587,10.779696464538574,0.02558338250716332,0.5483146067415731,0.28475336322869954,0.025102502200752497
xgboost_smoothl1,jpeg__fixed_util60_from_config,8894,0.8134803323949235,0.02578466199338436,0.03354170173406601,10.700101852416992,0.028649623298659988,0.5797752808988764,0.28699551569506726,0.026224889792501926
xgboost_smoothl1,picorv32__area_xxloose,2954,0.8500299883011418,0.03856264427304268,0.05293841287493706,11.537677764892578,0.03856264427304268,0.34459459459459457,0.10135135135135136,0.08043988980352879
xgboost_smoothl1,picorv32__dens_high,2954,0.7622710952078611,0.05155431479215622,0.06991002708673477,15.148862838745117,0.05155431479215622,0.34459459459459457,0.11486486486486487,0.08492614421993494
xgboost_smoothl1,picorv32__dens_low,2954,0.8256772802597764,0.03767544403672218,0.05206639692187309,10.79910945892334,0.03767544403672218,0.41216216216216217,0.1891891891891892,0.055079529294744134
xgboost_smoothl1,picorv32__dens_xhigh,2954,0.8132884873923121,0.039856474846601486,0.055067095905542374,12.458494186401367,0.039856474846601486,0.3783783783783784,0.13513513513513514,0.055745752062648535
xgboost_smoothl1,ppu__area_xxloose,5742,0.9191542320308633,0.016158031299710274,0.02101973071694374,8.66368293762207,0.016158031299710274,0.4722222222222222,0.2604166666666667,0.027647683629766107
xgboost_smoothl1,ppu__dens_high,5742,0.9169196155540332,0.018209313973784447,0.023000672459602356,9.195015907287598,0.018209313973784447,0.7013888888888888,0.3020833333333333,0.019449028884992003
xgboost_smoothl1,ppu__dens_low,5742,0.9170306662551543,0.017937272787094116,0.022906621918082237,9.284690856933594,0.017937272787094116,0.78125,0.3680555555555556,0.01942574162967503
xgboost_smoothl1,ppu__dens_xhigh,5742,0.9163244502520573,0.01633838191628456,0.021055344492197037,9.069682121276855,0.01633838191628456,0.5798611111111112,0.3541666666666667,0.03118498856201768
xgboost_smoothl1,riscv32i__dens_low,2246,0.6206219900263563,0.18618722259998322,0.2666051685810089,22.28709602355957,0.14776763810254384,0.11504424778761062,0.03508771929824561,0.1829089866951108
xgboost_smoothl1,riscv32i__dens_xhigh,2246,0.5908195603698709,0.20017552375793457,0.2908921241760254,21.30506706237793,0.15886946450240624,0.008849557522123894,0.0,0.21519739110954106
xgboost_smoothl1,riscv32i__fixed_area72_from_config,2246,0.5826841670273115,0.20381811261177063,0.29288238286972046,22.679946899414062,0.16176040805907785,0.12389380530973451,0.017543859649122806,0.19450975442305207
xgboost_smoothl1,riscv32i__fixed_area75_from_config,2246,0.5877091135623465,0.19905062019824982,0.2863139510154724,22.353132247924805,0.1579766838927245,0.061946902654867256,0.008771929824561403,0.19799597770906985
xgboost_smoothl1,s35932__area_xxloose,3520,0.7260404436972763,0.030984293669462204,0.0373922698199749,14.106114387512207,0.015492146834731102,0.36363636363636365,0.05113636363636364,0.0474359798245132
xgboost_smoothl1,s35932__dens_high,3520,0.5830525493006917,0.03580464795231819,0.04683827608823776,16.007734298706055,0.017902323976159096,0.5568181818181818,0.25,0.025253987405449152
xgboost_smoothl1,s35932__dens_low,3520,0.7766688595904858,0.03127171844244003,0.0361032672226429,13.535317420959473,0.015635859221220016,0.5113636363636364,0.3125,0.04331931797787547
xgboost_smoothl1,s35932__dens_xhigh,3520,0.3672499915275428,0.05621491000056267,0.07739020138978958,19.758180618286133,0.028107455000281334,0.18181818181818182,0.07954545454545454,0.07729429379105568
