design,strategy,cts_period_ns,cts_utilization,cts_die_area_um2,cts_core_area_um2,cts_instance_count,cts_net_count,cts_port_count,cts_total_inst_area_um2,cts_report_paths,cts_max_paths,cts_min_paths,cts_arrival_mean_ns,cts_slack_mean_ns,cts_slack_min_ns,route_period_ns,route_utilization,route_die_area_um2,route_core_area_um2,route_instance_count,route_net_count,route_port_count,route_total_inst_area_um2,route_report_paths,route_max_paths,route_min_paths,route_arrival_mean_ns,route_slack_mean_ns,route_slack_min_ns,delta_utilization,ratio_utilization,delta_die_area_um2,ratio_die_area_um2,delta_core_area_um2,ratio_core_area_um2,delta_instance_count,ratio_instance_count,delta_net_count,ratio_net_count,delta_total_inst_area_um2,ratio_total_inst_area_um2
aes,ar_tall,0.9999999717180685,0.3476704888438073,5074.455199999999,3706.5276,15097,15615,388,1764.23832,612,306,306,0.34986000000000006,0.37941874183006535,0.11799,0.9999999717180685,0.34773369957034994,5074.455199999999,3706.5276,15098,15616,388,1764.55908,612,306,306,0.34986000000000006,0.37941874183006535,0.11799,6.32107265426396e-05,1.0001818121714985,0.0,1.0,0.0,1.0,1.0,1.0000662383254952,1.0,1.0000640409862311,0.3207600000000639,1.0001818121714985
aes,ar_wide,0.9999999717180685,0.34769922099223577,5074.455199999999,3706.0027199999995,15095,15613,388,1764.38412,612,306,306,0.3371325816993464,0.39025665032679746,0.11570000000000001,0.9999999717180685,0.347750938859407,5074.455199999999,3706.0027199999995,15096,15614,388,1764.64656,612,306,306,0.3371325816993464,0.39025665032679746,0.11570000000000001,5.171786717123039e-05,1.0001487431206306,0.0,1.0,0.0,1.0,1.0,1.0000662471016892,1.0,1.0000640491897776,0.2624399999999696,1.0001487431206306
aes,area_compact,0.9999999717180685,0.4184193912170199,4212.010000000001,2992.28256,15092,15608,388,1762.38666,612,306,306,0.3306841830065359,0.3975651307189543,0.12241,0.9999999717180685,0.4184193912170199,4212.010000000001,2992.28256,15092,15608,388,1762.38666,612,306,306,0.3306841830065359,0.3975651307189543,0.12241,0.0,1.0,0.0,1.0,0.0,1.0,0.0,1.0,0.0,1.0,0.0,1.0
aes,area_loose,0.9999999717180685,0.2968336235219307,5944.409999999999,4490.873280000001,15099,15615,388,1764.50076,612,306,306,0.3365397875816994,0.39349254901960784,0.11688,0.9999999717180685,0.29704946327726384,5944.409999999999,4490.873280000001,15103,15619,388,1765.7838,612,306,306,0.3365397875816994,0.39349254901960784,0.11688,0.00021583975533312483,1.0007271405199054,0.0,1.0,0.0,1.0,4.0,1.0002649182065038,4.0,1.0002561639449248,1.2830400000000282,1.0007271405199054
aes,base,0.9999999717180685,0.37379738500887205,4726.012516,4174.5747599999995,15102,15616,388,1766.57112,612,306,306,0.34693081699346406,0.38389926470588237,0.10088,0.9999999717180685,0.3738837664982604,4726.012516,4174.5747599999995,15104,15618,388,1766.97936,612,306,306,0.34693081699346406,0.38389926470588237,0.10088,8.63814893883319e-05,1.000231091743422,0.0,1.0,0.0,1.0,2.0,1.000132432790359,2.0,1.0001280737704918,0.40823999999997795,1.000231091743422
aes,dens_high,0.9999999717180685,0.3596915755102041,4900.0,3703.6845,15093,15607,388,1762.48872,612,306,306,0.313695522875817,0.4135364052287582,0.11726,0.9999999717180685,0.3596915755102041,4900.0,3703.6845,15093,15607,388,1762.48872,612,306,306,0.313695522875817,0.4135364052287582,0.11726,0.0,1.0,0.0,1.0,0.0,1.0,0.0,1.0,0.0,1.0,0.0,1.0
aes,dens_low,0.9999999717180685,0.36076871020408163,4900.0,3703.6845,15102,15616,388,1767.76668,612,306,306,0.3375729738562092,0.38974452614379085,0.11774,0.9999999717180685,0.36083417142857144,4900.0,3703.6845,15103,15617,388,1768.08744,612,306,306,0.3375729738562092,0.38974452614379085,0.11774,6.546122448980451e-05,1.0001814492849248,0.0,1.0,0.0,1.0,1.0,1.0000662163951795,1.0,1.0000640368852458,0.3207600000000639,1.0001814492849248
aes,fixed_area060_from_config,0.9999999717180685,0.48973005,3600.0,2481.516,15092,15608,388,1763.02818,612,306,306,0.31868571895424835,0.40925929738562095,0.12306,0.9999999717180685,0.48981915,3600.0,2481.516,15093,15609,388,1763.34894,612,306,306,0.31868571895424835,0.40925929738562095,0.12306,8.910000000000862e-05,1.0001819369671108,0.0,1.0,0.0,1.0,1.0,1.0000662602703418,1.0,1.0000640697078422,0.3207600000000639,1.0001819369671108
aes,fixed_area070_from_config,0.9999999717180685,0.36005756326530614,4900.0,3703.6845,15099,15613,388,1764.28206,612,306,306,0.3325633986928105,0.39762452614379085,0.11868000000000001,0.9999999717180685,0.36005756326530614,4900.0,3703.6845,15099,15613,388,1764.28206,612,306,306,0.3325633986928105,0.39762452614379085,0.11868000000000001,0.0,1.0,0.0,1.0,0.0,1.0,0.0,1.0,0.0,1.0,0.0,1.0
aes,timing_probe,0.9999999717180685,0.36005756326530614,4900.0,3703.6845,15099,15613,388,1764.28206,612,306,306,0.3325633986928105,0.39762452614379085,0.11868000000000001,0.9999999717180685,0.36005756326530614,4900.0,3703.6845,15099,15613,388,1764.28206,612,306,306,0.3325633986928105,0.39762452614379085,0.11868000000000001,0.0,1.0,0.0,1.0,0.0,1.0,0.0,1.0,0.0,1.0,0.0,1.0
blabla,ar_tall,1.8000000379103653,0.48418023117973025,4252.221936,3711.1932,17610,19398,1420,2058.8418,2200,1100,1100,0.5256429909090908,0.8006778818181818,0.27326,1.8000000379103653,0.48418023117973025,4252.221936,3711.1932,17610,19398,1420,2058.8418,2200,1100,1100,0.5256429909090908,0.8006778818181818,0.27326,0.0,1.0,0.0,1.0,0.0,1.0,0.0,1.0,0.0,1.0,0.0,1.0
blabla,ar_wide,1.8000000379103653,0.484829791060853,4252.088337,3710.6829000000002,17606,19393,1420,2061.5391,2200,1100,1100,0.5420472136363637,0.785046959090909,0.26813,1.8000000379103653,0.484829791060853,4252.088337,3710.6829000000002,17606,19393,1420,2061.5391,2200,1100,1100,0.5420472136363637,0.785046959090909,0.26813,0.0,1.0,0.0,1.0,0.0,1.0,0.0,1.0,0.0,1.0,0.0,1.0
blabla,area_compact,1.8000000379103653,0.5764328805006039,3573.767961,3099.5913600000003,17606,19391,1420,2060.03736,2200,1100,1100,0.5237889499999999,0.8030926772727274,0.27955,1.8000000379103653,0.5764328805006039,3573.767961,3099.5913600000003,17606,19391,1420,2060.03736,2200,1100,1100,0.5237889499999999,0.8030926772727274,0.27955,0.0,1.0,0.0,1.0,0.0,1.0,0.0,1.0,0.0,1.0,0.0,1.0
blabla,area_loose,1.8000000379103653,0.3960124018117002,5229.748488999999,4644.13824,17618,19398,1420,2071.04526,2200,1100,1100,0.5541000045454545,0.776214109090909,0.28024,1.8000000379103653,0.39607373554518177,5229.748488999999,4644.13824,17619,19399,1420,2071.36602,2200,1100,1100,0.5541000045454545,0.776214109090909,0.28024,6.133373348155002e-05,1.000154878314924,0.0,1.0,0.0,1.0,1.0,1.0000567601316834,1.0,1.0000515517063615,0.3207600000000639,1.000154878314924
blabla,area_xloose,1.8000000379103653,0.34995269744153784,5934.237156000001,5298.64902,17628,19408,1420,2076.7023,2200,1100,1100,0.5630388136363637,0.7716743227272728,0.27912000000000003,1.8000000379103653,0.34995269744153784,5934.237156000001,5298.64902,17628,19408,1420,2076.7023,2200,1100,1100,0.5630388136363637,0.7716743227272728,0.27912000000000003,0.0,1.0,0.0,1.0,0.0,1.0,0.0,1.0,0.0,1.0,0.0,1.0
blabla,area_xxloose,1.8000000379103653,0.30164079987996706,6870.0889959999995,6190.21602,17631,19409,1420,2072.29914,2200,1100,1100,0.5271088136363636,0.7996430227272728,0.26983,1.8000000379103653,0.30164079987996706,6870.0889959999995,6190.21602,17631,19409,1420,2072.29914,2200,1100,1100,0.5271088136363636,0.7996430227272728,0.26983,0.0,1.0,0.0,1.0,0.0,1.0,0.0,1.0,0.0,1.0,0.0,1.0
blabla,base,1.8000000379103653,0.4875661223699765,4238.661025,3706.965,17620,19403,1420,2066.62752,2200,1100,1100,0.5473286181818182,0.7849958272727273,0.28495,1.8000000379103653,0.48764179721118417,4238.661025,3706.965,17621,19404,1420,2066.94828,2200,1100,1100,0.5473286181818182,0.7849958272727273,0.28495,7.567484120768464e-05,1.0001552093915793,0.0,1.0,0.0,1.0,1.0,1.0000567536889897,1.0,1.0000515384218935,0.3207600000000639,1.0001552093915793
blabla,dens_high,1.8000000379103653,0.4859425530495211,4238.661025,3706.965,17607,19391,1420,2059.74576,2200,1100,1100,0.5547906681818181,0.7745739181818182,0.28192,1.8000000379103653,0.4859425530495211,4238.661025,3706.965,17607,19391,1420,2059.74576,2200,1100,1100,0.5547906681818181,0.7745739181818182,0.28192,0.0,1.0,0.0,1.0,0.0,1.0,0.0,1.0,0.0,1.0,0.0,1.0
blabla,dens_low,1.8000000379103653,0.4873081399567685,4238.661025,3706.965,17614,19398,1420,2065.53402,2200,1100,1100,0.566082759090909,0.7706645500000001,0.28201,1.8000000379103653,0.4873081399567685,4238.661025,3706.965,17614,19398,1420,2065.53402,2200,1100,1100,0.566082759090909,0.7706645500000001,0.28201,0.0,1.0,0.0,1.0,0.0,1.0,0.0,1.0,0.0,1.0,0.0,1.0
blabla,dens_xhigh,1.8000000379103653,0.4850069368309536,4238.661025,3706.965,17604,19387,1420,2055.78,2200,1100,1100,0.5389273363636363,0.7936994681818181,0.28420999999999996,1.8000000379103653,0.48508261167216127,4238.661025,3706.965,17605,19388,1420,2056.10076,2200,1100,1100,0.5389273363636363,0.7936994681818181,0.28420999999999996,7.567484120768464e-05,1.0001560283687945,0.0,1.0,0.0,1.0,1.0,1.0000568052715293,1.0,1.0000515809563109,0.32075999999960914,1.000156028368794
ethmac,ar_tall,0.2999999970665357,0.4133476958022264,19736.883361999997,18528.46812,59972,60045,216,8158.19526,736,368,368,0.15193649456521738,0.1304433695652174,0.0155,0.2999999970665357,0.41348879102728925,19736.883361999997,18528.46812,59983,60056,216,8160.98004,736,368,368,0.15193649456521738,0.1304433695652174,0.0155,0.00014109522506283723,1.000341347554361,0.0,1.0,0.0,1.0,11.0,1.0001834189288334,11.0,1.000183195936381,2.784779999999955,1.000341347554361
ethmac,ar_wide,0.2999999970665357,0.41297759785585747,19736.883361999997,18557.569799999997,59953,60019,216,8150.89068,736,368,368,0.1603841304347826,0.12963271739130436,0.01932,0.2999999970665357,0.413166709780549,19736.883361999997,18557.569799999997,59975,60041,216,8154.62316,736,368,368,0.1603841304347826,0.12963271739130436,0.01932,0.00018911192469150961,1.0004579229616166,0.0,1.0,0.0,1.0,22.0,1.000366954114056,22.0,1.0003665505923125,3.7324799999996685,1.0004579229616166
ethmac,area_compact,0.2999999970665357,0.5138447614860417,15871.464324,14841.084060000001,59982,60046,216,8155.4688,736,368,368,0.16304369565217391,0.12905716032608697,0.01143,0.2999999970665357,0.5140753375642972,15871.464324,14841.084060000001,60001,60065,216,8159.12838,736,368,368,0.16304369565217391,0.12905716032608697,0.01143,0.00023057607825549553,1.0004487271167049,0.0,1.0,0.0,1.0,19.0,1.0003167616951751,19.0,1.0003164240748759,3.65958000000046,1.0004487271167049
ethmac,area_loose,0.2999999970665357,0.31288035232579975,26075.467441000004,24735.4074,59988,60047,216,8158.50144,736,368,368,0.1661708016304348,0.1288302445652174,0.01111,0.2999999970665357,0.31302964437622255,26075.467441000004,24735.4074,60014,60073,216,8162.3943,736,368,368,0.1661708016304348,0.1288302445652174,0.01111,0.00014929205042280014,1.0004771538043633,0.0,1.0,0.0,1.0,26.0,1.0004334200173368,26.0,1.0004329941545789,3.892859999999928,1.0004771538043633
ethmac,area_xloose,0.2999999970665357,0.2619094611922775,31155.427080999994,29701.413719999997,59986,60061,216,8159.90112,736,368,368,0.16829258152173912,0.12885292119565217,0.014050000000000002,0.2999999970665357,0.2621003955031612,31155.427080999994,29701.413719999997,60019,60094,216,8165.84976,736,368,368,0.16829258152173912,0.12885292119565217,0.014050000000000002,0.00019093431088373913,1.0007290088338716,0.0,1.0,0.0,1.0,33.0,1.0005501283632847,33.0,1.0005494414012421,5.948639999999614,1.0007290088338716
ethmac,area_xxloose,0.2999999970665357,0.21048468943155793,38758.190641,37112.0778,59985,60056,216,8158.00572,736,368,368,0.1733325679347826,0.12821065217391303,0.013980000000000001,0.2999999970665357,0.21057760553368862,38758.190641,37112.0778,60011,60082,216,8161.60698,736,368,368,0.1733325679347826,0.12821065217391303,0.013980000000000001,9.291610213069124e-05,1.0004414387686897,0.0,1.0,0.0,1.0,26.0,1.0004334416937568,26.0,1.0004329292660183,3.6012599999994563,1.0004414387686895
ethmac,base,0.2999999970665357,0.4143569473296394,19706.5444,18547.159680000004,59979,60039,216,8165.54358,736,368,368,0.15644680706521738,0.1300733152173913,0.009710000000000002,0.2999999970665357,0.41448272280552645,19706.5444,18547.159680000004,59993,60053,216,8168.02218,736,368,368,0.15644680706521738,0.1300733152173913,0.009710000000000002,0.00012577547588704663,1.0003035437844052,0.0,1.0,0.0,1.0,14.0,1.0002334150285934,14.0,1.000233181765186,2.4786000000003696,1.0003035437844054
ethmac,dens_high,0.2999999970665357,0.4132560419877571,19706.5444,18547.159680000004,59946,60034,216,8143.84854,736,368,368,0.16181146739130434,0.12908240489130435,0.00948,0.2999999970665357,0.41343730664418266,19706.5444,18547.159680000004,59965,60053,216,8147.42064,736,368,368,0.16181146739130434,0.12908240489130435,0.00948,0.00018126465642553935,1.0004386255444777,0.0,1.0,0.0,1.0,19.0,1.0003169519233976,19.0,1.00031648732385,3.5721000000003187,1.0004386255444775
ethmac,dens_low,0.2999999970665357,0.41485043110856107,19706.5444,18547.159680000004,59989,60051,216,8175.26844,736,368,368,0.15769864130434783,0.12939745923913046,0.00948,0.2999999970665357,0.41507238783071476,19706.5444,18547.159680000004,60012,60074,216,8179.64244,736,368,368,0.15769864130434783,0.12939745923913046,0.00948,0.00022195672215369333,1.0005350283029972,0.0,1.0,0.0,1.0,23.0,1.0003834036239978,23.0,1.000383007776723,4.373999999999796,1.0005350283029972
ethmac,dens_xhigh,0.2999999970665357,0.4129342047406343,19706.5444,18547.159680000004,59955,60012,216,8137.50624,736,368,368,0.15962422554347827,0.12950801630434783,0.01489,0.2999999970665357,0.41309549329206596,19706.5444,18547.159680000004,59976,60033,216,8140.68468,736,368,368,0.15962422554347827,0.12950801630434783,0.01489,0.00016128855143165977,1.0003905914055558,0.0,1.0,0.0,1.0,21.0,1.0003502626970229,21.0,1.0003499300139973,3.1784400000005917,1.0003905914055558
gcd,ar_tall,0.3099999978939394,0.1846930709262389,264.1392,194.27849999999998,414,464,54,48.78468,70,35,35,0.10453428571428572,0.14175200000000002,0.02321,0.3099999978939394,0.18590743062748732,264.1392,194.27849999999998,417,467,54,49.10544,70,35,35,0.10453428571428572,0.14175200000000002,0.02321,0.0012143597012484186,1.0065750149432158,0.0,1.0,0.0,1.0,3.0,1.0072463768115942,3.0,1.0064655172413792,0.32075999999999993,1.0065750149432158
gcd,ar_wide,0.3099999978939394,0.18066360464482364,264.1392,196.07184000000004,402,452,54,47.72034,70,35,35,0.10463928571428573,0.1416272857142857,0.02213,0.3099999978939394,0.18066360464482364,264.1392,196.07184000000004,402,452,54,47.72034,70,35,35,0.10463928571428573,0.1416272857142857,0.02213,0.0,1.0,0.0,1.0,0.0,1.0,0.0,1.0,0.0,1.0,0.0,1.0
gcd,area_compact,0.3099999978939394,0.22178853177501825,219.04000000000002,156.93912,410,460,54,48.58056,70,35,35,0.10442571428571427,0.1414347142857143,0.022010000000000002,0.3099999978939394,0.2247173119065011,219.04000000000002,156.93912,414,464,54,49.22208,70,35,35,0.10442571428571427,0.1414347142857143,0.022010000000000002,0.0029287801314828443,1.0132052821128452,0.0,1.0,0.0,1.0,4.0,1.0097560975609756,4.0,1.008695652173913,0.6415199999999999,1.0132052821128452
gcd,area_loose,0.3099999978939394,0.15400878099173554,309.76000000000005,236.85209999999995,403,453,54,47.70576,70,35,35,0.10490114285714287,0.1415721428571429,0.02305,0.3099999978939394,0.15607980371900826,309.76000000000005,236.85209999999995,410,460,54,48.34728,70,35,35,0.10490114285714287,0.1415721428571429,0.02305,0.00207102272727272,1.0134474327628362,0.0,1.0,0.0,1.0,7.0,1.0173697270471465,7.0,1.0154525386313467,0.6415199999999999,1.0134474327628362
gcd,base,0.3099999978939394,0.18438888888888888,262.44,197.12159999999997,408,458,54,48.39102,70,35,35,0.10456257142857142,0.14143685714285714,0.02133,0.3099999978939394,0.18716666666666668,262.44,197.12159999999997,415,465,54,49.12002,70,35,35,0.10456257142857142,0.14143685714285714,0.02133,0.0027777777777777957,1.0150647785477553,0.0,1.0,0.0,1.0,7.0,1.017156862745098,7.0,1.01528384279476,0.7289999999999992,1.0150647785477553
gcd,dens_high,0.3099999978939394,0.1783888888888889,262.44,197.12159999999997,396,446,54,46.81638,70,35,35,0.1043172857142857,0.14160885714285715,0.023809999999999998,0.3099999978939394,0.1796111111111111,262.44,197.12159999999997,399,449,54,47.13714,70,35,35,0.1043172857142857,0.14160885714285715,0.023809999999999998,0.0012222222222222079,1.0068514481469946,0.0,1.0,0.0,1.0,3.0,1.0075757575757576,3.0,1.006726457399103,0.32075999999999993,1.0068514481469948
gcd,dens_low,0.3099999978939394,0.183,262.44,197.12159999999997,404,454,54,48.02652,70,35,35,0.10454914285714285,0.14146414285714287,0.02283,0.3099999978939394,0.18466666666666667,262.44,197.12159999999997,409,459,54,48.46392,70,35,35,0.10454914285714285,0.14146414285714287,0.02283,0.0016666666666666774,1.0091074681238617,0.0,1.0,0.0,1.0,5.0,1.0123762376237624,5.0,1.0110132158590308,0.4374000000000038,1.0091074681238617
gcd,gcd_compact_repair_off,0.3099999978939394,0.19562846260387812,231.04,182.979,377,427,54,45.198,70,35,35,0.10436500000000003,0.14168085714285722,0.0246,0.3099999978939394,0.19562846260387812,231.04,182.979,377,427,54,45.198,70,35,35,0.10436500000000003,0.14168085714285722,0.0246,0.0,1.0,0.0,1.0,0.0,1.0,0.0,1.0,0.0,1.0,0.0,1.0
gcd,gcd_dense_cts20,0.3099999978939394,0.21107185902118333,219.04000000000002,170.76095999999998,389,439,54,46.23318,70,35,35,0.10427800000000001,0.14172214285714282,0.0251,0.3099999978939394,0.21400063915266618,219.04000000000002,170.76095999999998,395,445,54,46.8747,70,35,35,0.10427800000000001,0.14172214285714282,0.0251,0.0029287801314828443,1.0138757489750867,0.0,1.0,0.0,1.0,6.0,1.0154241645244215,6.0,1.0136674259681093,0.6415199999999999,1.0138757489750867
gcd,gcd_loose_cts80,0.3099999978939394,0.126938891966759,361.0,267.68879999999996,383,433,54,45.82494,70,35,35,0.10484542857142856,0.14148757142857146,0.02174,0.3099999978939394,0.13073534626038782,361.0,267.68879999999996,398,448,54,47.19546,70,35,35,0.10484542857142856,0.14148757142857146,0.02174,0.0037964542936288204,1.0299077314667515,0.0,1.0,0.0,1.0,15.0,1.0391644908616189,15.0,1.0346420323325636,1.370519999999999,1.0299077314667515
ibex,ar_tall,1.259999993230565,0.5875018554946261,4108.7427,3580.2648000000004,19144,19827,264,2413.89396,6944,3472,3472,0.42817180443548386,0.5723984447004608,0.09444,1.259999993230565,0.5882612410847727,4108.7427,3580.2648000000004,19172,19855,264,2417.01408,6944,3472,3472,0.42817180443548386,0.5723984447004608,0.09444,0.0007593855901466551,1.0012925671349706,0.0,1.0,0.0,1.0,28.0,1.0014625992478061,28.0,1.0014122156655065,3.1201200000000426,1.0012925671349706
ibex,ar_wide,1.259999993230565,0.5878354173893634,4108.7427,3582.3059999999996,19142,19831,264,2415.26448,6944,3472,3472,0.44964745967741937,0.5694736506336406,0.11270999999999999,1.259999993230565,0.5893328973848861,4108.7427,3582.3059999999996,19194,19883,264,2421.41724,6944,3472,3472,0.44964745967741937,0.5694736506336406,0.11270999999999999,0.0014974799955227436,1.0025474477229923,0.0,1.0,0.0,1.0,52.0,1.002716539546547,52.0,1.0026221572285816,6.152760000000399,1.0025474477229923
ibex,area_compact,1.259999993230565,0.7152391498216409,3364.0,2898.51858,19121,19799,264,2406.0645,6944,3472,3472,0.4310773531105991,0.5732597998271889,0.09678,1.259999993230565,0.716283674197384,3364.0,2898.51858,19156,19834,264,2409.57828,6944,3472,3472,0.4310773531105991,0.5732597998271889,0.09678,0.0010445243757430944,1.0014603847901833,0.0,1.0,0.0,1.0,35.0,1.001830448198316,35.0,1.0017677660487903,3.5137800000002244,1.0014603847901833
ibex,area_loose,1.259999993230565,0.4881681551020408,4900.0,4325.92974,18917,19600,264,2392.02396,6946,3473,3473,0.4466809170745753,0.5690097566945004,0.09136,1.259999993230565,0.4894238204081633,4900.0,4325.92974,18977,19660,264,2398.17672,6946,3473,3473,0.4466809170745753,0.5690097566945004,0.09136,0.0012556653061224776,1.0025721983152711,0.0,1.0,0.0,1.0,60.0,1.0031717502775281,60.0,1.0030612244897958,6.152759999999944,1.0025721983152711
ibex,area_xloose,1.259999993230565,0.4141265235457064,5776.0,5165.868960000001,18952,19635,264,2391.9948,6946,3473,3473,0.4470370054707746,0.5703762784336309,0.10164000000000001,1.259999993230565,0.4145657409972299,5776.0,5165.868960000001,18976,19659,264,2394.53172,6946,3473,3473,0.4470370054707746,0.5703762784336309,0.10164000000000001,0.00043921745152353253,1.0010605875899061,0.0,1.0,0.0,1.0,24.0,1.0012663571127058,24.0,1.00122230710466,2.536920000000009,1.0010605875899061
ibex,base,1.259999993230565,0.38746738004985265,6217.322499999999,5573.3508,18995,19672,264,2409.00966,6946,3473,3473,0.4534692959976965,0.5694171911891736,0.09064,1.259999993230565,0.38860473459435313,6217.322499999999,5573.3508,19042,19719,264,2416.08096,6946,3473,3473,0.4534692959976965,0.5694171911891736,0.09064,0.0011373545445004796,1.0029353556016873,0.0,1.0,0.0,1.0,47.0,1.0024743353514083,47.0,1.0023891825945506,7.07129999999961,1.0029353556016871
ibex,dens_high,1.259999993230565,0.5642546272189349,4225.0,3576.6198,18883,19562,264,2383.9758,6946,3473,3473,0.4465069046933487,0.5693448776274115,0.11190000000000001,1.259999993230565,0.566480449704142,4225.0,3576.6198,18957,19636,264,2393.3799,6946,3473,3473,0.4465069046933487,0.5693448776274115,0.11190000000000001,0.002225822485207085,1.0039447128615986,0.0,1.0,0.0,1.0,74.0,1.0039188688238099,74.0,1.00378284428995,9.404099999999744,1.0039447128615986
ibex,dens_low,1.259999993230565,0.5664183337278107,4225.0,3576.6198,18913,19596,264,2393.11746,6946,3473,3473,0.4379731860063346,0.5691591678663979,0.11377,1.259999993230565,0.5676606532544378,4225.0,3576.6198,18963,19646,264,2398.36626,6946,3473,3473,0.4379731860063346,0.5691591678663979,0.11377,0.0012423195266271225,1.0021932897518535,0.0,1.0,0.0,1.0,50.0,1.0026436842383546,50.0,1.002551541130843,5.2487999999998465,1.0021932897518535
ibex,fixed_area065_from_config,1.259999993230565,0.5710597775147929,4225.0,3576.6198,19153,19829,264,2412.72756,6944,3472,3472,0.4351159879032258,0.5689153009792627,0.11993000000000001,1.259999993230565,0.5721882177514793,4225.0,3576.6198,19200,19876,264,2417.49522,6944,3472,3472,0.4351159879032258,0.5689153009792627,0.11993000000000001,0.0011284402366864565,1.0019760457330709,0.0,1.0,0.0,1.0,47.0,1.0024539236673107,47.0,1.0023702657723537,4.767659999999978,1.0019760457330706
ibex,fixed_area072_from_config,1.259999993230565,0.46598625,5184.0,4603.7516399999995,19171,19846,264,2415.67272,6944,3472,3472,0.4463037168778802,0.5694401209677419,0.1201,1.259999993230565,0.4668778125,5184.0,4603.7516399999995,19216,19891,264,2420.29458,6944,3472,3472,0.4463037168778802,0.5694401209677419,0.1201,0.0008915624999999983,1.001913280703025,0.0,1.0,0.0,1.0,45.0,1.0023472953940848,45.0,1.0022674594376701,4.621860000000197,1.001913280703025
jpeg,ar_tall,0.9000000189551827,0.5746141837564954,11174.230990999999,10262.68704,55153,63015,47,6420.87162,8894,4447,4447,0.42788513604677314,0.3887993242635485,0.05602000000000001,0.9000000189551827,0.5746141837564954,11174.230990999999,10262.68704,55153,63015,47,6420.87162,8894,4447,4447,0.42788513604677314,0.3887993242635485,0.05602000000000001,0.0,1.0,0.0,1.0,0.0,1.0,0.0,1.0,0.0,1.0,0.0,1.0
jpeg,ar_wide,0.9000000189551827,0.5746063550298411,11174.230990999999,10291.293,55146,63008,47,6420.78414,8894,4447,4447,0.4189573409039802,0.3917865583539465,0.06291,0.9000000189551827,0.5746063550298411,11174.230990999999,10291.293,55146,63008,47,6420.78414,8894,4447,4447,0.4189573409039802,0.3917865583539465,0.06291,0.0,1.0,0.0,1.0,0.0,1.0,0.0,1.0,0.0,1.0,0.0,1.0
jpeg,area_compact,0.9000000189551827,0.6673684700187604,9616.744225,8803.1124,55106,62954,47,6417.91188,8894,4447,4447,0.42326641331234544,0.3887337519676186,0.05962,0.9000000189551827,0.6674018243424791,9616.744225,8803.1124,55107,62955,47,6418.23264,8894,4447,4447,0.42326641331234544,0.3887337519676186,0.05962,3.335432371864844e-05,1.0000499788725674,0.0,1.0,0.0,1.0,1.0,1.0000181468442637,1.0,1.0000158846141627,0.32076000000051863,1.0000499788725676
jpeg,area_loose,0.9000000189551827,0.48398676004622204,13293.859401000002,12344.3028,55142,62987,47,6434.05194,8894,4447,4447,0.43842924331009664,0.38618081403193166,0.05509000000000001,0.9000000189551827,0.48401088847953283,13293.859401000002,12344.3028,55143,62988,47,6434.3727,8894,4447,4447,0.43842924331009664,0.38618081403193166,0.05509000000000001,2.412843331078829e-05,1.000049853498696,0.0,1.0,0.0,1.0,1.0,1.000018134996917,1.0,1.0000158762919333,0.32075999999960914,1.000049853498696
jpeg,area_xloose,0.9000000189551827,0.4371966601801548,14718.542399999998,13705.826939999999,55135,62974,47,6434.89758,8894,4447,4447,0.414333626040027,0.39201871261524623,0.06001,0.9000000189551827,0.4372184530989971,14718.542399999998,13705.826939999999,55136,62975,47,6435.21834,8894,4447,4447,0.414333626040027,0.39201871261524623,0.06001,2.17929188423005e-05,1.0000498469472143,0.0,1.0,0.0,1.0,1.0,1.0000181372993562,1.0,1.0000158795693461,0.32076000000051863,1.0000498469472143
jpeg,base,0.9000000189551827,0.2950204910331791,21811.449969000005,20585.924820000004,55153,62996,47,6434.82468,8894,4447,4447,0.42860281088374186,0.4005009242185743,0.047130000000000005,0.9000000189551827,0.2950204910331791,21811.449969000005,20585.924820000004,55153,62996,47,6434.82468,8894,4447,4447,0.42860281088374186,0.4005009242185743,0.047130000000000005,0.0,1.0,0.0,1.0,0.0,1.0,0.0,1.0,0.0,1.0,0.0,1.0
jpeg,dens_high,0.9000000189551827,0.5751158700603355,11151.782404000001,10278.9,55094,62940,47,6413.56704,8894,4447,4447,0.409582261074882,0.39251967056442544,0.04667,0.9000000189551827,0.5751446331753587,11151.782404000001,10278.9,55095,62941,47,6413.8878,8894,4447,4447,0.409582261074882,0.39251967056442544,0.04667,2.8763115023200392e-05,1.0000500127305132,0.0,1.0,0.0,1.0,1.0,1.00001815079682,1.0,1.000015888147442,0.32076000000051863,1.0000500127305132
jpeg,dens_low,0.9000000189551827,0.5769606316647783,11151.782404000001,10278.9,55123,62967,47,6434.13942,8894,4447,4447,0.4193741736001799,0.38901554531144594,0.05738,0.9000000189551827,0.5769606316647783,11151.782404000001,10278.9,55123,62967,47,6434.13942,8894,4447,4447,0.4193741736001799,0.38901554531144594,0.05738,0.0,1.0,0.0,1.0,0.0,1.0,0.0,1.0,0.0,1.0,0.0,1.0
jpeg,dens_xhigh,0.9000000189551827,0.5735404358056555,11151.782404000001,10278.9,55042,62890,47,6395.99814,8894,4447,4447,0.4113378153811558,0.39017032831122106,0.06958,0.9000000189551827,0.5735404358056555,11151.782404000001,10278.9,55042,62890,47,6395.99814,8894,4447,4447,0.4113378153811558,0.39017032831122106,0.06958,0.0,1.0,0.0,1.0,0.0,1.0,0.0,1.0,0.0,1.0,0.0,1.0
jpeg,fixed_util60_from_config,0.9000000189551827,0.5769606316647783,11151.782404000001,10278.9,55123,62967,47,6434.13942,8894,4447,4447,0.4193741736001799,0.38901554531144594,0.05738,0.9000000189551827,0.5769606316647783,11151.782404000001,10278.9,55123,62967,47,6434.13942,8894,4447,4447,0.4193741736001799,0.38901554531144594,0.05738,0.0,1.0,0.0,1.0,0.0,1.0,0.0,1.0,0.0,1.0,0.0,1.0
picorv32,ar_tall,0.9999999717180685,0.453412666665082,3558.2373820000003,3070.5479999999993,12930,13206,409,1613.3499,2954,1477,1477,0.4744006668923494,0.43748844955991883,0.13084,0.9999999717180685,0.453412666665082,3558.2373820000003,3070.5479999999993,12930,13206,409,1613.3499,2954,1477,1477,0.4744006668923494,0.43748844955991883,0.13084,0.0,1.0,0.0,1.0,0.0,1.0,0.0,1.0,0.0,1.0,0.0,1.0
picorv32,ar_wide,0.9999999717180685,0.4520788604616262,3558.189468,3066.29064,12925,13202,409,1608.58224,2954,1477,1477,0.4450779180771835,0.44385542654028437,0.12419,0.9999999717180685,0.4520788604616262,3558.189468,3066.29064,12925,13202,409,1608.58224,2954,1477,1477,0.4450779180771835,0.44385542654028437,0.12419,0.0,1.0,0.0,1.0,0.0,1.0,0.0,1.0,0.0,1.0,0.0,1.0
picorv32,area_compact,0.9999999717180685,0.5369526066106727,2992.965264,2557.4194799999996,12915,13188,409,1607.0805,2954,1477,1477,0.44565206161137444,0.44269676032498306,0.13669,0.9999999717180685,0.5369526066106727,2992.965264,2557.4194799999996,12915,13188,409,1607.0805,2954,1477,1477,0.44565206161137444,0.44269676032498306,0.13669,0.0,1.0,0.0,1.0,0.0,1.0,0.0,1.0,0.0,1.0,0.0,1.0
picorv32,area_loose,0.9999999717180685,0.37017395961452354,4369.738816,3836.3041799999996,12940,13214,409,1617.56352,2954,1477,1477,0.5267210697359512,0.4260340792146243,0.13135,0.9999999717180685,0.37017395961452354,4369.738816,3836.3041799999996,12940,13214,409,1617.56352,2954,1477,1477,0.5267210697359512,0.4260340792146243,0.13135,0.0,1.0,0.0,1.0,0.0,1.0,0.0,1.0,0.0,1.0,0.0,1.0
picorv32,area_xloose,0.9999999717180685,0.3262833219375926,4955.174449,4386.5388,12937,13211,409,1616.79078,2954,1477,1477,0.5243642417061611,0.431371567366283,0.13474,0.9999999717180685,0.3263480542700869,4955.174449,4386.5388,12938,13212,409,1617.11154,2954,1477,1477,0.5243642417061611,0.431371567366283,0.13474,6.473233249432164e-05,1.0001983930165659,0.0,1.0,0.0,1.0,1.0,1.00007729767334,1.0,1.0000756944970102,0.3207600000000639,1.0001983930165659
picorv32,area_xxloose,0.9999999717180685,0.2819217107157059,5732.306944000001,5127.129899999999,12934,13207,409,1616.06178,2954,1477,1477,0.5331448341232228,0.4284894820582261,0.13511,0.9999999717180685,0.2819217107157059,5732.306944000001,5127.129899999999,12934,13207,409,1616.06178,2954,1477,1477,0.5331448341232228,0.4284894820582261,0.13511,0.0,1.0,0.0,1.0,0.0,1.0,0.0,1.0,0.0,1.0,0.0,1.0
picorv32,base,0.9999999717180685,0.45500666156734104,3545.964304,3069.6002999999996,12930,13204,409,1613.43738,2954,1477,1477,0.45109451252538935,0.4449219025050779,0.12709,0.9999999717180685,0.45500666156734104,3545.964304,3069.6002999999996,12930,13204,409,1613.43738,2954,1477,1477,0.45109451252538935,0.4449219025050779,0.12709,0.0,1.0,0.0,1.0,0.0,1.0,0.0,1.0,0.0,1.0,0.0,1.0
picorv32,dens_high,0.9999999717180685,0.45339075697587733,3545.964304,3069.6002999999996,12912,13188,409,1607.70744,2954,1477,1477,0.5359799356804332,0.4255097901150982,0.13557,0.9999999717180685,0.453571672502657,3545.964304,3069.6002999999996,12914,13190,409,1608.34896,2954,1477,1477,0.5359799356804332,0.4255097901150982,0.13557,0.00018091552677967915,1.0003990278231218,0.0,1.0,0.0,1.0,2.0,1.0001548946716232,2.0,1.000151653017895,0.6415200000001278,1.0003990278231218
picorv32,dens_low,0.9999999717180685,0.4560304789802532,3545.964304,3069.6002999999996,12939,13212,409,1617.0678,2954,1477,1477,0.5210830805687204,0.43243608327691263,0.13163,0.9999999717180685,0.4560304789802532,3545.964304,3069.6002999999996,12939,13212,409,1617.0678,2954,1477,1477,0.5210830805687204,0.43243608327691263,0.13163,0.0,1.0,0.0,1.0,0.0,1.0,0.0,1.0,0.0,1.0,0.0,1.0
picorv32,dens_xhigh,0.9999999717180685,0.4538759395249682,3545.964304,3069.6002999999996,12917,13192,409,1609.42788,2954,1477,1477,0.5068530636425186,0.4294046106973596,0.13931000000000002,0.9999999717180685,0.4538759395249682,3545.964304,3069.6002999999996,12917,13192,409,1609.42788,2954,1477,1477,0.5068530636425186,0.4294046106973596,0.13931000000000002,0.0,1.0,0.0,1.0,0.0,1.0,0.0,1.0,0.0,1.0,0.0,1.0
ppu,ar_tall,0.9999999717180685,0.45035791998981467,4557.517452,4002.7932,15355,15363,101,2052.51408,5742,2871,2871,0.3892575792406827,0.4321613601532568,0.11281999999999999,0.9999999717180685,0.450473087952533,4557.517452,4002.7932,15359,15367,101,2053.03896,5742,2871,2871,0.3892575792406827,0.4321613601532568,0.11281999999999999,0.00011516796271832108,1.00025572540774,0.0,1.0,0.0,1.0,4.0,1.0002605014653208,4.0,1.0002603658139686,0.5248799999999392,1.00025572540774
ppu,ar_wide,0.9999999717180685,0.4509465562437083,4557.517452,4000.63536,15357,15367,101,2055.1968,5742,2871,2871,0.3900693486590038,0.43574168582375483,0.11370999999999999,0.9999999717180685,0.4513176530124673,4557.517452,4000.63536,15369,15379,101,2056.88808,5742,2871,2871,0.3900693486590038,0.43574168582375483,0.11370999999999999,0.0003710967687590161,1.0008229284903518,0.0,1.0,0.0,1.0,12.0,1.0007814026176989,12.0,1.0007808941237717,1.6912800000000061,1.0008229284903518
ppu,area_compact,0.9999999717180685,0.5364233001891877,3829.258161,3322.9278000000004,15359,15372,101,2054.1033,5742,2871,2871,0.4063316457680251,0.4167683124346918,0.10857,0.9999999717180685,0.5364233001891877,3829.258161,3322.9278000000004,15359,15372,101,2054.1033,5742,2871,2871,0.4063316457680251,0.4167683124346918,0.10857,0.0,1.0,0.0,1.0,0.0,1.0,0.0,1.0,0.0,1.0,0.0,1.0
ppu,area_loose,0.9999999717180685,0.36621626259841716,5608.5121,4988.85318,15356,15368,101,2053.92834,5742,2871,2871,0.40355075060954365,0.4264368164402647,0.10514,0.9999999717180685,0.3663202473968096,5608.5121,4988.85318,15362,15374,101,2054.51154,5742,2871,2871,0.40355075060954365,0.4264368164402647,0.10514,0.00010398479839240915,1.0002839436939654,0.0,1.0,0.0,1.0,6.0,1.0003907267517582,6.0,1.0003904216553878,0.5832000000000335,1.0002839436939654
ppu,area_xloose,0.9999999717180685,0.3229137206756246,6365.486656000001,5723.5248,15366,15377,101,2055.50298,5742,2871,2871,0.401551802507837,0.42961517938000704,0.1014,0.9999999717180685,0.3234199160655659,6365.486656000001,5723.5248,15386,15397,101,2058.72516,5742,2871,2871,0.401551802507837,0.42961517938000704,0.1014,0.0005061953899412885,1.001567587121669,0.0,1.0,0.0,1.0,20.0,1.0013015749056358,20.0,1.0013006438186902,3.222179999999753,1.0015675871216687
ppu,area_xxloose,0.9999999717180685,0.2790695521744216,7371.2527359999995,6666.38424,15375,15387,101,2057.0922,5742,2871,2871,0.3965788941135493,0.4288091954022988,0.10196,0.9999999717180685,0.2791407585241153,7371.2527359999995,6666.38424,15381,15393,101,2057.61708,5742,2871,2871,0.3965788941135493,0.4288091954022988,0.10196,7.120634969370876e-05,1.0002551562832236,0.0,1.0,0.0,1.0,6.0,1.000390243902439,6.0,1.0003899395593683,0.5248799999999392,1.0002551562832234
ppu,base,0.9999999717180685,0.45235399671067084,4543.4340250000005,4001.947560000001,15358,15371,101,2055.24054,5742,2871,2871,0.40057479623824455,0.42892986938349015,0.10156,0.9999999717180685,0.4527262437798907,4543.4340250000005,4001.947560000001,15370,15383,101,2056.93182,5742,2871,2871,0.40057479623824455,0.42892986938349015,0.10156,0.0003722470692198443,1.0008229109766393,0.0,1.0,0.0,1.0,12.0,1.0007813517385076,12.0,1.0007806909114567,1.6912800000000061,1.0008229109766393
ppu,dens_high,0.9999999717180685,0.45192719619165156,4543.4340250000005,4001.947560000001,15353,15365,101,2053.3014,5742,2871,2871,0.406366473354232,0.42571660048763493,0.10126,0.9999999717180685,0.45218391830835486,4543.4340250000005,4001.947560000001,15365,15377,101,2054.4678,5742,2871,2871,0.406366473354232,0.42571660048763493,0.10126,0.0002567221167033007,1.0005680607825036,0.0,1.0,0.0,1.0,12.0,1.0007816062007426,12.0,1.0007809957696063,1.166400000000067,1.0005680607825038
ppu,dens_low,0.9999999717180685,0.4527775882032314,4543.4340250000005,4001.947560000001,15364,15377,101,2057.1651,5742,2871,2871,0.402252053291536,0.4259788906304423,0.1103,0.9999999717180685,0.4529637117378413,4543.4340250000005,4001.947560000001,15371,15384,101,2058.01074,5742,2871,2871,0.402252053291536,0.4259788906304423,0.1103,0.0001861235346098944,1.0004110705552995,0.0,1.0,0.0,1.0,7.0,1.0004556105180942,7.0,1.0004552253365415,0.8456400000000031,1.0004110705552995
ppu,dens_xhigh,0.9999999717180685,0.45095165214817884,4543.4340250000005,4001.947560000001,15344,15358,101,2048.86908,5742,2871,2871,0.399444064785789,0.4307361320097527,0.10187,0.9999999717180685,0.451195538159047,4543.4340250000005,4001.947560000001,15354,15368,101,2049.97716,5742,2871,2871,0.399444064785789,0.4307361320097527,0.10187,0.0002438860108681662,1.000540825185375,0.0,1.0,0.0,1.0,10.0,1.0006517205422314,10.0,1.0006511264487563,1.1080799999999726,1.000540825185375
riscv32i,ar_tall,1.259999993230565,0.5154909457582583,5198.9776,4594.12884,9521,9695,135,2680.02588,2246,1123,1123,0.6737612778272485,0.22470583704363312,0.04672,1.259999993230565,0.5156760359960004,5198.9776,4594.12884,9530,9704,135,2680.98816,2246,1123,1123,0.6737612778272485,0.22470583704363312,0.04672,0.00018509023774215816,1.0003590562341884,0.0,1.0,0.0,1.0,9.0,1.0009452788572628,9.0,1.0009283135636926,0.9622799999997369,1.0003590562341882
riscv32i,ar_wide,1.259999993230565,0.5159957373157369,5198.9776,4592.962439999998,9557,9734,135,2682.65028,2246,1123,1123,0.6935860418521818,0.2089126714158504,0.05094,1.259999993230565,0.5160125637009861,5198.9776,4592.962439999998,9558,9735,135,2682.73776,2246,1123,1123,0.6935860418521818,0.2089126714158504,0.05094,1.6826385249246734e-05,1.000032609543127,0.0,1.0,0.0,1.0,1.0,1.0001046353458198,1.0,1.0001027326895418,0.08748000000014144,1.000032609543127
riscv32i,area_loose,1.259999993230565,0.4314876832693447,6209.44,5569.32672,9541,9720,135,2679.29688,2246,1123,1123,0.716377070347284,0.1808988824577026,-0.00049,1.259999993230565,0.43165439395501043,6209.44,5569.32672,9552,9731,135,2680.33206,2246,1123,1123,0.716377070347284,0.1808988824577026,-0.00049,0.00016671068566570524,1.000386362559419,0.0,1.0,0.0,1.0,11.0,1.001152918981239,11.0,1.0011316872427984,1.0351800000003095,1.0003863625594192
riscv32i,area_xloose,1.259999993230565,0.36621166422831686,7327.359999999999,6626.7558,9549,9731,135,2683.3647,2246,1123,1123,0.6874281433659841,0.21465199020480855,0.044180000000000004,1.259999993230565,0.3663350319896934,7327.359999999999,6626.7558,9556,9738,135,2684.26866,2246,1123,1123,0.6874281433659841,0.21465199020480855,0.044180000000000004,0.00012336776137655825,1.0003368755652187,0.0,1.0,0.0,1.0,7.0,1.0007330610535135,7.0,1.0007193505292364,0.9039600000000974,1.0003368755652187
riscv32i,base,1.259999993230565,0.37354814166666667,7200.0,5569.9245,9569,9755,135,2689.54662,2246,1123,1123,0.6836219991095281,0.22028280943900266,0.024980000000000002,1.259999993230565,0.37362711666666665,7200.0,5569.9245,9574,9760,135,2690.11524,2246,1123,1123,0.6836219991095281,0.22028280943900266,0.024980000000000002,7.897499999998114e-05,1.0002114185326894,0.0,1.0,0.0,1.0,5.0,1.0005225206395654,5.0,1.0005125576627372,0.5686200000000099,1.0002114185326894
riscv32i,dens_high,1.259999993230565,0.5153265509259259,5184.0,4603.7516399999995,9519,9697,135,2671.45284,2246,1123,1123,0.6977828584149599,0.20192548975957259,0.05274,1.259999993230565,0.515416550925926,5184.0,4603.7516399999995,9524,9702,135,2671.9194,2246,1123,1123,0.6977828584149599,0.20192548975957259,0.05274,9.00000000000345e-05,1.0001746465417671,0.0,1.0,0.0,1.0,5.0,1.0005252652589558,5.0,1.000515623388677,0.4665600000002996,1.0001746465417674
riscv32i,dens_low,1.259999993230565,0.516361550925926,5184.0,4603.7516399999995,9537,9716,135,2676.81828,2246,1123,1123,0.697144875333927,0.20928128673196797,0.039,1.259999993230565,0.516361550925926,5184.0,4603.7516399999995,9537,9716,135,2676.81828,2246,1123,1123,0.697144875333927,0.20928128673196797,0.039,0.0,1.0,0.0,1.0,0.0,1.0,0.0,1.0,0.0,1.0,0.0,1.0
riscv32i,dens_xhigh,1.259999993230565,0.5140187384259259,5184.0,4603.7516399999995,9469,9648,135,2664.67314,2246,1123,1123,0.7079388557435441,0.18921453695458593,0.02831,1.259999993230565,0.5141424884259259,5184.0,4603.7516399999995,9475,9654,135,2665.31466,2246,1123,1123,0.7079388557435441,0.18921453695458593,0.02831,0.00012374999999997804,1.000240749978063,0.0,1.0,0.0,1.0,6.0,1.0006336466363925,6.0,1.0006218905472637,0.6415200000001278,1.000240749978063
riscv32i,fixed_area72_from_config,1.259999993230565,0.5160803009259259,5184.0,4603.7516399999995,9530,9706,135,2675.36028,2246,1123,1123,0.7135060463045414,0.18966236865538738,0.02866,1.259999993230565,0.516237800925926,5184.0,4603.7516399999995,9536,9712,135,2676.17676,2246,1123,1123,0.7135060463045414,0.18966236865538738,0.02866,0.00015750000000003261,1.000305185064645,0.0,1.0,0.0,1.0,6.0,1.000629590766002,6.0,1.0006181743251596,0.8164799999999559,1.0003051850646447
riscv32i,fixed_area75_from_config,1.259999993230565,0.47369374933333336,5625.0,4209.5376,9483,9666,135,2664.52734,2246,1123,1123,0.7121620926090828,0.19637242208370437,0.028530000000000003,1.259999993230565,0.47380261333333334,5625.0,4209.5376,9490,9673,135,2665.1397,2246,1123,1123,0.7121620926090828,0.19637242208370437,0.028530000000000003,0.0001088639999999863,1.0002298193720167,0.0,1.0,0.0,1.0,7.0,1.0007381630285774,7.0,1.000724187875026,0.6123600000000806,1.0002298193720167
s35932,ar_tall,1.999999943436137,0.4062175870420128,2809.525477,2368.49184,7464,7467,356,1141.27866,3520,1760,1760,0.6178572869318182,0.9429518181818182,0.34746,1.999999943436137,0.4062175870420128,2809.525477,2368.49184,7464,7467,356,1141.27866,3520,1760,1760,0.6178572869318182,0.9429518181818182,0.34746,0.0,1.0,0.0,1.0,0.0,1.0,0.0,1.0,0.0,1.0,0.0,1.0
s35932,ar_wide,1.999999943436137,0.40622289829132374,2809.4169599999996,2373.50736,7465,7468,356,1141.2495,3520,1760,1760,0.5720072982954545,0.9545124772727274,0.34783,1.999999943436137,0.4064512446027235,2809.4169599999996,2373.50736,7467,7470,356,1141.89102,3520,1760,1760,0.5720072982954545,0.9545124772727274,0.34783,0.00022834631139978523,1.0005621207282018,0.0,1.0,0.0,1.0,2.0,1.000267916945747,2.0,1.0002678093197643,0.6415200000001278,1.000562120728202
s35932,area_compact,1.999999943436137,0.4900695500775924,2326.5187560000004,1944.00972,7466,7468,356,1140.156,3520,1760,1760,0.6438218607954546,0.9415796136363637,0.35092,1.999999943436137,0.49034529253543657,2326.5187560000004,1944.00972,7468,7470,356,1140.79752,3520,1760,1760,0.6438218607954546,0.9415796136363637,0.35092,0.0002757424578441747,1.0005626598465474,0.0,1.0,0.0,1.0,2.0,1.000267881060809,2.0,1.0002678093197643,0.6415200000001278,1.0005626598465474
s35932,area_loose,1.999999943436137,0.32275806046596184,3534.3025000000002,3048.678,7467,7468,356,1140.72462,3520,1760,1760,0.6078992301136364,0.9507542357954546,0.33744999999999997,1.999999943436137,0.32293957294261033,3534.3025000000002,3048.678,7469,7470,356,1141.36614,3520,1760,1760,0.6078992301136364,0.9507542357954546,0.33744999999999997,0.00018151247664849324,1.0005623793760146,0.0,1.0,0.0,1.0,2.0,1.0002678451854827,2.0,1.0002678093197643,0.6415200000001278,1.0005623793760146
s35932,area_xloose,1.999999943436137,0.27989151114715827,4082.315449,3570.17544,7472,7472,356,1142.60544,3520,1760,1760,0.6381285170454545,0.9422027727272727,0.34700000000000003,1.999999943436137,0.27989151114715827,4082.315449,3570.17544,7472,7472,356,1142.60544,3520,1760,1760,0.6381285170454545,0.9422027727272727,0.34700000000000003,0.0,1.0,0.0,1.0,0.0,1.0,0.0,1.0,0.0,1.0,0.0,1.0
s35932,area_xxloose,1.999999943436137,0.23643465028382996,4845.412880999999,4283.42904,7467,7469,356,1145.6235,3520,1760,1760,0.6228643551136365,0.9436323096590908,0.34286,1.999999943436137,0.23643465028382996,4845.412880999999,4283.42904,7467,7469,356,1145.6235,3520,1760,1760,0.6228643551136365,0.9436323096590908,0.34286,0.0,1.0,0.0,1.0,0.0,1.0,0.0,1.0,0.0,1.0,0.0,1.0
s35932,base,1.999999943436137,0.4068781568656825,2798.621604,2372.4575999999997,7462,7466,356,1138.698,3520,1760,1760,0.6412490994318182,0.93864765625,0.35047000000000006,1.999999943436137,0.4068781568656825,2798.621604,2372.4575999999997,7462,7466,356,1138.698,3520,1760,1760,0.6412490994318182,0.93864765625,0.35047000000000006,0.0,1.0,0.0,1.0,0.0,1.0,0.0,1.0,0.0,1.0,0.0,1.0
s35932,dens_high,1.999999943436137,0.4067427044703111,2798.621604,2372.4575999999997,7457,7459,356,1138.31892,3520,1760,1760,0.6152211051136365,0.9404347755681818,0.35070999999999997,1.999999943436137,0.4067427044703111,2798.621604,2372.4575999999997,7457,7459,356,1138.31892,3520,1760,1760,0.6152211051136365,0.9404347755681818,0.35070999999999997,0.0,1.0,0.0,1.0,0.0,1.0,0.0,1.0,0.0,1.0,0.0,1.0
s35932,dens_low,1.999999943436137,0.408055550763911,2798.621604,2372.4575999999997,7464,7469,356,1141.99308,3520,1760,1760,0.6346792897727273,0.9437888579545454,0.33969,1.999999943436137,0.408055550763911,2798.621604,2372.4575999999997,7464,7469,356,1141.99308,3520,1760,1760,0.6346792897727273,0.9437888579545454,0.33969,0.0,1.0,0.0,1.0,0.0,1.0,0.0,1.0,0.0,1.0,0.0,1.0
s35932,dens_xhigh,1.999999943436137,0.40609149103102543,2798.621604,2372.4575999999997,7455,7460,356,1136.49642,3520,1760,1760,0.6520025511363636,0.9308866107954545,0.34514999999999996,1.999999943436137,0.40609149103102543,2798.621604,2372.4575999999997,7455,7460,356,1136.49642,3520,1760,1760,0.6520025511363636,0.9308866107954545,0.34514999999999996,0.0,1.0,0.0,1.0,0.0,1.0,0.0,1.0,0.0,1.0,0.0,1.0
